Title,Date Published,Reviews,Author(s),Genre,Type,Format
Lonely Boy, 2018,2211,Steve Jones,Cooking & Health,Fiction,Paperback
"The 5:2 Diet: Feast for 5 Days, Fast for 2 Days to Lose Weight and Revitalize Your Health", 2013,2218,Kate Harrison,Cooking & Health,Non Fiction,Audio CD
"Charcuterie: The Craft of Salting, Smoking, and Curing", 2013,2207,Michael Ruhlman,Cooking & Health,Fiction,Hardcover
Rachel Ama's Vegan Eats: Tasty Plant-Based Recipes for Every Day, 2019,2206,Rachel Ama,Cooking & Health,Non Fiction,Paperback
"Japanese Soul Cooking: Ramen, Tonkatsu, Tempura, and More from the Streets and Kitchens of Tokyo and Beyond [A Cookbook]", 2013,2205,Tadashi Ono,Cooking & Health,Fiction,Audio CD
The Nightmare Before Dinner: Recipes to Die For: The Beetle House Cookbook, 2018,2204,Zach Neil,Cooking & Health,Non Fiction,Hardcover
Bread Illustrated: A Step-By-Step Guide to Achieving Bakery-Quality Results At Home, 2016,2181,America's Test Kitchen,Cooking & Health,Fiction,Paperback
"Eat Happy: Gluten Free, Grain Free, Low Carb Recipes Made from Real Foods For A Joyful Life", 2016,2178,Anna Vocino,Cooking & Health,Non Fiction,Audio CD
Artisan Bread in Five Minutes a Day: The Discovery That Revolutionizes Home Baking, 2007,2196,Jeff Hertzberg,Cooking & Health,Fiction,Hardcover
"The Flippin' Awesome Backyard Griddle Cookbook: Tasty Recipes, Pro Tips and Bold Ideas for Outdoor Flat Top Grillin'", 2018,2184,Paul Sidoriak,Cooking & Health,Non Fiction,Paperback
"The DIRTY, LAZY, KETO No Time to Cook Cookbook: 100 Easy Recipes Ready in under 30 Minutes", 2021,2195,Stephanie Laska,Cooking & Health,Fiction,Audio CD
Bacon & Butter: The Ultimate Ketogenic Diet Cookbook, 2014,2180,Celby Richoux,Cooking & Health,Non Fiction,Hardcover
The Doctor’s Kitchen: Supercharge your health with 100 delicious everyday recipes, 2018,2175,Dr Rupy Aujla,Cooking & Health,Fiction,Paperback
The Wahls Protocol Cooking for Life: The Revolutionary Modern Paleo Plan to Treat All Chronic Autoimmune Conditions, 2017,2245,Terry Wahls M.D.,Cooking & Health,Non Fiction,Audio CD
Herb Magic: An Introduction to Magical Herbalism and Spells, 2020,2243,Patti Wigington,Cooking & Health,Fiction,Hardcover
The Hairy Bikers' Great Curries, 2012,2245,Hairy Bikers,Cooking & Health,Non Fiction,Paperback
"Wheat Belly 30-Minute (Or Less!) Cookbook: 200 Quick and Simple Recipes to Lose the Wheat, Lose the Weight, and Find Your Path Back to Health", 2013,2226,William Davis,Cooking & Health,Fiction,Audio CD
Hallmark Channel Countdown to Christmas - USA TODAY BESTSELLER: Have a Very Merry Movie Holiday, 2020,2230,Caroline McKenzie,Cooking & Health,Non Fiction,Hardcover
Overwatch: The Official Cookbook, 2019,2244,Chelsea Monroe-Cassel,Cooking & Health,Fiction,Paperback
At My Table: A Celebration of Home Cooking, 2018,2226,Nigella Lawson,Cooking & Health,Non Fiction,Audio CD
Kid Chef: The Foodie Kids Cookbook: Healthy Recipes and Culinary Skills for the New Cook in the Kitchen, 2016,2224,Melina Hammer,Cooking & Health,Fiction,Hardcover
Betty Crocker Lost Recipes: Beloved Vintage Recipes for Today's Kitchen, 2017,2233,Betty Crocker,Cooking & Health,Non Fiction,Paperback
"Keto Meal Prep: Lose Weight, Save Time, and Feel Your Best on the Ketogenic Diet", 2018,2230,Liz Williams,Cooking & Health,Fiction,Audio CD
The Mediterranean Diet Weight Loss Solution: The 28-Day Kickstart Plan for Lasting Weight Loss, 2017,2225,Julene Stassou MS  RD,Cooking & Health,Non Fiction,Hardcover
The Essential Instant Pot Cookbook: Fresh and Foolproof Recipes for Your Electric Pressure Cooker, 2017,2217,Coco Morante,Cooking & Health,Fiction,Paperback
Trim Healthy Mama: No More Fads! a Common Sense Guide to Satisfy Your Cravings and Energize Your Life, 2012,2216,Pearl Barrett,Cooking & Health,Non Fiction,Audio CD
Las Recetas De @Sascha Fitness., 2014,2219,Sascha Barboza,Cooking & Health,Fiction,Hardcover
"One Tin Bakes: Sweet and simple traybakes, pies, bars and buns", 2020,2225,Edd Kimber,Cooking & Health,Non Fiction,Paperback
The One with All the Recipes: An Unofficial Cookbook for Fans of Friends, 2018,2288,Teresa Finney,Cooking & Health,Fiction,Audio CD
Indian-Ish: Recipes and Antics from a Modern American Family, 2019,2284,Priya Krishna,Cooking & Health,Non Fiction,Hardcover
Fancy Af Cocktails: Drink Recipes from a Couple of Professional Drinkers, 2019,2289,Ariana Madix,Cooking & Health,Fiction,Paperback
How to Instant Pot: Mastering All the Functions of the One Pot That Will Change the Way You Cook - Now Completely Updated for the Latest Generation of Instant Pots!, 2020,2264,Daniel Shumski,Cooking & Health,Non Fiction,Audio CD
"Food of the Gods: The Search for the Original Tree of Knowledge A Radical History of Plants, Drugs, and Human Evolution", 1993,2279,Terence McKenna,Cooking & Health,Fiction,Hardcover
Easy Keto Desserts: 60+ Low-Carb High-Fat Desserts for Any Occasion, 2018,2267,Carolyn Ketchum,Cooking & Health,Non Fiction,Paperback
"Gordon Ramsay's Healthy, Lean & Fit: Mouthwatering Recipes to Fuel You for Life", 2018,2256,Gordon Ramsay,Cooking & Health,Fiction,Audio CD
The Whole 9 Months: A Week-By-Week Pregnancy Nutrition Guide with Recipes for a Healthy Start, 2016,2262,Jennifer Lang MD,Cooking & Health,Non Fiction,Hardcover
"Fit Men Cook: 100+ Meal Prep Recipes for Men and Women―Always #HealthyAF, Never Boring", 2018,2257,Kevin Curry,Cooking & Health,Fiction,Paperback
Eating Animals, 2010,2254,Jonathan Safran Foer,Cooking & Health,Non Fiction,Audio CD
Dirty Vegan, 2018,2261,Matt Pritchard,Cooking & Health,Fiction,Hardcover
Make It Ahead: A Barefoot Contessa Cookbook, 2014,2252,Ina Garten,Cooking & Health,Non Fiction,Paperback
Eat What You Like & Lose Weight For Life: The Infographic Guide to the Only Diet that Works, 2020,2246,Graeme Tomlinson,Cooking & Health,Fiction,Audio CD
"How To Cook Everything The Basics: All You Need to Make Great Food--With 1,", 2012,2314,Mark Bittman,Cooking & Health,Non Fiction,Hardcover
"The Plan: Eliminate the Surprising ""Healthy"" Foods That Are Making You Fat--and Lose Weight Fast (2014)", 2014,2323,Lyn-Genet Recitas,Cooking & Health,Fiction,Paperback
Easy Keto Dinners: Flavorful Low-Carb Meals for Any Night of the Week, 2018,2320,Carolyn Ketchum,Cooking & Health,Non Fiction,Audio CD
The Ultimate Final Fantasy XIV Cookbook: The Essential Culinarian Guide to Hydaelyn, 2021,2308,Victoria Rosenthal,Cooking & Health,Fiction,Hardcover
"Feel Good Food: Bestselling fitness guru Joe Wicks is back in 2022 with a new cookbook for the whole family full of easy, healthy and budget friendly recipes", 2022,2299,Joe Wicks,Cooking & Health,Non Fiction,Paperback
How To Brew: Everything You Need to Know to Brew Great Beer Every Time, 2017,2299,John J. Palmer,Cooking & Health,Fiction,Audio CD
The McDougall Program for Maximum Weight Loss, 1995,2292,John A. McDougall,Cooking & Health,Non Fiction,Hardcover
"Wheat Belly Cookbook: 150 Recipes to Help You Lose the Wheat, Lose the Weight, and Find Your Path Back to Health", 2012,2290,William Davis,Cooking & Health,Fiction,Paperback
Puerto Rican Cookery, 1983,2300,Carmen Aboy Valldejuli,Cooking & Health,Non Fiction,Audio CD
Cook It in Your Dutch Oven: 150 Foolproof Recipes Tailor-Made for Your Kitchen's Most Versatile Pot, 2018,2285,America's Test Kitchen,Cooking & Health,Fiction,Hardcover
"The Unofficial Disney Parks Drink Recipe Book: From LeFou's Brew to the Jedi Mind Trick, 100+ Magical Disney-Inspired Drinks (Unofficial Cookbook)", 2021,2293,Ashley Craft,Cooking & Health,Non Fiction,Paperback
Rodney Scott's World of BBQ: Every Day Is a Good Day: A Cookbook, 2021,2292,Lolis Eric Elie,Cooking & Health,Fiction,Audio CD
Avatar: The Last Airbender: The Official Cookbook: Recipes from the Four Nations, 2021,2284,Jenny Dorsey,Cooking & Health,Non Fiction,Hardcover
"The One Pot Ketogenic Diet Cookbook: 100+ Easy Weeknight Meals for Your Skillet, Slow Cooker, Sheet Pan, and More", 2018,2360,Liz Williams,Cooking & Health,Fiction,Paperback
The Tucci Cookbook, 2012,2354,Stanley Tucci,Cooking & Health,Non Fiction,Audio CD
Zero Sugar Cookbook, 2018,2359,David Zinczenko,Cooking & Health,Fiction,Hardcover
"Chiquis Keto: The 21-Day Starter Kit for Taco, Tortilla, and Tequila Lovers", 2020,2356,Chiquis Rivera,Cooking & Health,Non Fiction,Paperback
Heart (Quick Study Academic), 2001,2345,Inc. BarCharts,Cooking & Health,Fiction,Audio CD
"The Super Easy Vegan Slow Cooker Cookbook: 100 Easy, Healthy Recipes That Are Ready When You Are", 2017,2334,Toni Okamoto,Cooking & Health,Non Fiction,Hardcover
"Fat Chance: Beating the Odds Against Sugar, Processed Food, Obesity, and Disease", 2013,2343,Robert H. Lustig,Cooking & Health,Fiction,Paperback
The Dehydrator Bible: Includes over 400 Recipes, 2009,2340,Jennifer MacKenzie,Cooking & Health,Non Fiction,Audio CD
French Grammar, 2001,2324,Inc. BarCharts,Cooking & Health,Fiction,Hardcover
My Life in France, 2007,2336,Julia Child,Cooking & Health,Non Fiction,Paperback
The Wine Bible, 2015,2331,Karen MacNeil,Cooking & Health,Fiction,Audio CD
Dr. Bernstein's Diabetes Solution: The Complete Guide to Achieving Normal Blood Sugars, 2011,2323,Richard K. Bernstein MD,Cooking & Health,Non Fiction,Hardcover
Salt Sugar Fat: How the Food Giants Hooked Us, 2014,2316,Michael Moss,Cooking & Health,Fiction,Paperback
"250 Instant Pot Duo Crisp Air Fryer Cookbook: Affordable, Easy and Delicious Instant Pot Air Fryer Crisp Recipes for Beginners.", 2020,2390,Noah White,Cooking & Health,Non Fiction,Audio CD
"The Home Distiller's Workbook: Your Guide to Making Moonshine, Whisky, Vodka, Rum and So Much More! Vol. 1", 2012,2390,Jeff King,Cooking & Health,Fiction,Hardcover
Nom Nom Paleo: Food for Humans (Volume 1), 2013,2395,Michelle Tam,Cooking & Health,Non Fiction,Paperback
"The Joy of Home Distilling: The Ultimate Guide to Making Your Own Vodka, Whiskey, Rum, Brandy, Moonshine, and More (Joy of Series)", 2014,2367,Rick Morris,Cooking & Health,Fiction,Audio CD
Sushi Cookbook for Beginners: 100 Step-By-Step Recipes to Make Sushi at Home, 2020,2386,Chika Ravitch,Cooking & Health,Non Fiction,Hardcover
"The Perfect Scoop, Revised and Updated: 200 Recipes for Ice Creams, Sorbets, Gelatos, Granitas, and Sweet Accompaniments [A Cookbook]", 2018,2370,David Lebovitz,Cooking & Health,Fiction,Paperback
The Boy Who Harnessed the Wind: Creating Currents of Electricity and Hope (P.S.), 2010,2365,William Kamkwamba,Cooking & Health,Non Fiction,Audio CD
"The Lost Kitchen: Recipes and a Good Life Found in Freedom, Maine: A Cookbook", 2017,2365,Erin French,Cooking & Health,Fiction,Hardcover
Dropping Acid: The Reflux Diet Cookbook & Cure, 2010,2367,Jordan Stern,Cooking & Health,Non Fiction,Paperback
Paleo Approach: Reverse Autoimmune Disease Heal Your Body, 2014,2379,Sarah Ballantyne,Cooking & Health,Fiction,Audio CD
Love to Cook: 120 joyful recipes from my new BBC series, 2023,2366,Mary Berry,Cooking & Health,Non Fiction,Hardcover
A Feast of Ice and Fire: The Official Game of Thrones Companion Cookbook, 2012,2354,Chelsea Monroe-Cassel,Cooking & Health,Fiction,Paperback
BraveTart: Iconic American Desserts, 2017,2349,Stella Parks,Cooking & Health,Non Fiction,Audio CD
"Grow Food For Free: The sustainable, zero-cost, low-effort way to a bountiful harvest", 2020,2431,Huw Richards,Cooking & Health,Fiction,Hardcover
Absolute Favourites, 2016,2446,Mary Berry,Cooking & Health,Non Fiction,Paperback
On Food and Cooking: The Science and Lore of the Kitchen, 2004,2437,Harold McGee,Cooking & Health,Fiction,Audio CD
"To Sir, With Love: Their online chemistry is nothing compared to their offline rivalry in this sparkling enemies-to-lovers rom-com!", 2021,2439,Lauren Layne,Cooking & Health,Non Fiction,Hardcover
The New Confessions of an Economic Hit Man, 2016,2416,John Perkins,Cooking & Health,Fiction,Paperback
The Keto Reset Diet: Reboot Your Metabolism in 21 Days and Burn Fat Forever, 2021,2410,Mark Sisson,Cooking & Health,Non Fiction,Audio CD
5-Ingredient Cooking for Two: 100+ Recipes Portioned for Pairs, 2020,2406,Robin Donovan,Cooking & Health,Fiction,Hardcover
"Once Upon a Chef, the Cookbook: 100 Tested, Perfected, and Family-Approved Recipes", 2018,2414,Jennifer Segal,Cooking & Health,Non Fiction,Paperback
Persiana: Recipes from the Middle East & beyond, 2020,2406,Sabrina Ghayour,Cooking & Health,Fiction,Audio CD
Barefoot Contessa Foolproof: Recipes You Can Trust: A Cookbook, 2012,2387,Ina Garten,Cooking & Health,Non Fiction,Hardcover
Rick Stein's India: In Search of the Perfect Curry: Recipes from My Indian Odyssey, 2013,2391,Rick Stein,Cooking & Health,Fiction,Paperback
Eat What You Watch: A Cookbook for Movie Lovers, 2017,2383,Andrew Rea,Cooking & Health,Non Fiction,Audio CD
"The New American Heart Association Cookbook, 9th Edition: Revised and Updated with More Than 100 All-New Recipes", 2019,2499,American Heart Association,Cooking & Health,Fiction,Hardcover
The Carnivore Cookbook, 2020,2488,Maria Emmerich,Cooking & Health,Non Fiction,Paperback
Wine Folly: The Essential Guide to Wine, 2015,2502,Madeline Puckette,Cooking & Health,Fiction,Audio CD
The Complete Diabetes Cookbook: The Healthy Way to Eat the Foods You Love (The Complete ATK Cookbook Series), 2018,2493,America's Test Kitchen,Cooking & Health,Non Fiction,Hardcover
Nothing Fancy: Unfussy Food for Having People Over, 2019,2468,Alison Roman,Cooking & Health,Fiction,Paperback
Air Fryer Cookbook (3-Ring Binder), 2018,2483,Publications International Ltd.,Cooking & Health,Non Fiction,Audio CD
Run Fast. Cook Fast. Eat Slow.: Quick-Fix Recipes for Hangry Athletes: A Cookbook, 2018,2453,Shalane Flanagan,Cooking & Health,Fiction,Hardcover
"57 Scientifically-Proven Survival Foods to Stockpile: How to Maximize Your Health With Everyday Shelf-Stable Grocery Store Foods, Bulk Foods, And Superfoods", 2019,2468,Damian Brindle,Cooking & Health,Non Fiction,Paperback
"Nadiya's Family Favourites: Easy, beautiful and show-stopping recipes for every day from Nadiya's upcoming BBC TV series", 2018,2453,Nadiya Hussain,Cooking & Health,Fiction,Audio CD
The Ultimate Instant Pot® Cookbook for Two: Perfectly Portioned Recipes for 3-Quart and 6-Quart Models, 2019,2451,Janet A. Zimmerman,Cooking & Health,Non Fiction,Hardcover
Instant Pot® Obsession: The Ultimate Electric Pressure Cooker Cookbook for Cooking Everything Fast, 2017,2457,Janet A. Zimmerman,Cooking & Health,Fiction,Paperback
Cooking for Jeffrey: A Barefoot Contessa Cookbook, 2016,2443,Ina Garten,Cooking & Health,Non Fiction,Audio CD
The Low-FODMAP Diet for Beginners: A 7-Day Plan to Beat Bloat and Soothe Your Gut with Recipes for Fast IBS Relief, 2017,2438,Mollie Tunitsky,Cooking & Health,Fiction,Hardcover
I'll Start Again Monday: Break the Cycle of Unhealthy Eating Habits with Lasting Spiritual Satisfaction, 2022,2439,Lysa TerKeurst,Cooking & Health,Non Fiction,Paperback
"Bigger Bolder Baking: A Fearless Approach to Baking Anytime, Anywhere", 2019,2442,Gemma Stafford,Cooking & Health,Fiction,Audio CD
The Art of Fermentation: New York Times Bestseller, 2012,2538,Sandor Ellix Katz,Cooking & Health,Non Fiction,Hardcover
Six Seasons: A New Way with Vegetables, 2017,2542,Joshua McFadden,Cooking & Health,Fiction,Paperback
Destiny: The Official Cookbook, 2020,2532,Victoria Rosenthal,Cooking & Health,Non Fiction,Audio CD
What Mummy Makes Family Meal Planner: Includes 28 brand new recipes, 2021,2542,Rebecca Wilson,Cooking & Health,Fiction,Hardcover
Cooking with Grandma Gina, 2021,2536,Nicola Testa Jr,Cooking & Health,Non Fiction,Paperback
Food Rules: An Eater's Manual, 2009,2532,Michael Pollan,Cooking & Health,Fiction,Audio CD
Paula Deens Air Fryer Cookbook, 2016,2537,Paula Deen,Cooking & Health,Non Fiction,Hardcover
Salt: A World History, 2003,2516,Mark Kurlansky,Cooking & Health,Fiction,Paperback
"The Blood Sugar Solution: The UltraHealthy Program for Losing Weight, Preventing Disease, and Feeling Great Now!", 2014,2519,Mark Hyman M.D.,Cooking & Health,Non Fiction,Audio CD
Undo It!: How Simple Lifestyle Changes Can Reverse Most Chronic Diseases, 2022,2520,Dean Ornish M.D.,Cooking & Health,Fiction,Hardcover
"F*ck, That's Delicious: An Annotated Guide to Eating Well", 2017,2497,Action Bronson,Cooking & Health,Non Fiction,Paperback
Tasty Dessert: All the Sweet You Can Eat (An Official Tasty Cookbook), 2019,2498,Tasty,Cooking & Health,Fiction,Audio CD
Happy Is On Hiatus, 2022,2517,A.C. Arthur,Cooking & Health,Non Fiction,Hardcover
The Nightmare Before Christmas: The Official Cookbook & Entertaining Guide, 2021,2512,Kim Laidlaw,Cooking & Health,Fiction,Paperback
Together: Our Community Cookbook, 2018,2496,The Hubb Community Kitchen,Cooking & Health,Non Fiction,Audio CD
Clapton: The Autobiography, 2008,2606,Eric Clapton,Cooking & Health,Fiction,Hardcover
"The Julia Rothman Collection: Farm Anatomy, Nature Anatomy, and Food Anatomy", 2016,2592,Julia Rothman,Cooking & Health,Non Fiction,Paperback
"Food Babe Kitchen: More than 100 Delicious, Real Food Recipes to Change Your Body and Your Life: THE NEW YORK TIMES BESTSELLER", 2020,2597,Vani Hari,Cooking & Health,Fiction,Audio CD
The Complete Instant Pot Cookbook for Beginners: 550 Quick and Delicious Instant Pot Recipes for Smart People on a Budget, 2019,2578,Michelle Jones,Cooking & Health,Non Fiction,Hardcover
Zero Belly Smoothies: Lose up to 16 Pounds in 14 Days and Sip Your Way to A Lean & Healthy You!, 2016,2579,David Zinczenko,Cooking & Health,Fiction,Paperback
"Renal Diet Cookbook: The Low Sodium, Low Potassium, Healthy Kidney Cookbook", 2015,2582,Susan Zogheib,Cooking & Health,Non Fiction,Audio CD
Pati's Mexican Table: The Secrets of Real Mexican Home Cooking, 2013,2563,Pati Jinich,Cooking & Health,Fiction,Hardcover
Made in India: Recipes from an Indian Family Kitchen, 2015,2568,Meera Sodha,Cooking & Health,Non Fiction,Paperback
The Homemade Vegan Pantry: The Art of Making Your Own Staples [A Cookbook], 2015,2572,Miyoko Schinner,Cooking & Health,Fiction,Audio CD
The Engine 2 Diet: The Texas Firefighter's 28-Day Save-Your-Life Plan that Lowers Cholesterol and Burns Away the Pounds, 2017,2553,Rip Esselstyn,Cooking & Health,Non Fiction,Hardcover
"No Crumbs Left: Whole30 Endorsed, Recipes for Everyday Food Made Marvelous", 2019,2561,Teri Turner,Cooking & Health,Fiction,Paperback
Baking All Year Round: Holidays & Special Occasions, 2018,2545,Rosanna Pansino,Cooking & Health,Non Fiction,Audio CD
Instant Pot Recipe Collection, 2018,2555,Publications International Ltd.,Cooking & Health,Fiction,Hardcover
The Anti-Inflammatory Diet Slow Cooker Cookbook: Prep-and-Go Recipes for Long-Term Healing, 2018,2649,Madeline Given NC,Cooking & Health,Non Fiction,Paperback
"Craveable Keto: Your Low-Carb, High-Fat Roadmap to Weight Loss and Wellness", 2018,2670,Kyndra Holley,Cooking & Health,Fiction,Audio CD
"Skinny Bitch: A No-Nonsense, Tough-Love Guide for Savvy Girls Who Want To Stop Eating Crap and Start Looking Fabulous!", 2005,2652,Rory Freedman,Cooking & Health,Non Fiction,Hardcover
"The Official Downton Abbey Afternoon Tea Cookbook: Teatime Drinks, Scones, Savories & Sweets (Downton Abbey Cookery)", 2020,2652,Downton Abbey,Cooking & Health,Fiction,Paperback
"Blood Type A: Food, Beverage and Supplemental Lists from Eat Right 4 Your Type", 2002,2654,Peter J. D'Adamo,Cooking & Health,Non Fiction,Audio CD
One: Simple One-Pan Wonders: [American Measurements], 2023,2646,Jamie Oliver,Cooking & Health,Fiction,Hardcover
"Mediterranean Diet Cookbook: 550 Quick, Easy and Healthy Mediterranean Diet Recipes for Everyday Cooking", 2019,2649,Liam Sandler,Cooking & Health,Non Fiction,Paperback
Deep Run Roots: Stories and Recipes from My Corner of the South, 2016,2644,Vivian Howard,Cooking & Health,Fiction,Audio CD
That Cheese Plate Will Change Your Life: Creative Gatherings and Self-Care with the Cheese By Numbers Method, 2020,2636,Marissa Mullen,Cooking & Health,Non Fiction,Hardcover
Medium Raw: A Bloody Valentine to the World of Food and the People Who Cook (P.S.), 2011,2639,Anthony Bourdain,Cooking & Health,Fiction,Paperback
Made In Scotland: My Grand Adventures in a Wee Country, 2019,2621,Billy Connolly,Cooking & Health,Non Fiction,Audio CD
Barefoot Contessa at Home: Everyday Recipes You'll Make Over and Over Again: A Cookbook, 2006,2636,Ina Garten,Cooking & Health,Fiction,Hardcover
Keto Cookbook For Beginners: Quick & Easy 800 Recipes On A Budget, 2020,2611,Barbara McCaulley,Cooking & Health,Non Fiction,Paperback
"Sweetie Pie's Cookbook: Soulful Southern Recipes, from My Family to Yours", 2016,2614,Robbie Montgomery,Cooking & Health,Fiction,Audio CD
"Cocktail Codex: Fundamentals, Formulas, Evolutions [A Cocktail Recipe Book]", 2018,2716,Alex Day,Cooking & Health,Non Fiction,Hardcover
"Baby-Led Feeding: A Natural Way to Raise Happy, Independent Eaters", 2018,2725,Jenna Helwig,Cooking & Health,Fiction,Paperback
Gino's Italian Express, 2022,2724,Gino D'Acampo,Cooking & Health,Non Fiction,Audio CD
Loose Head: Confessions of an (Un)professional Rugby Player, 2021,2710,Joe Marler,Cooking & Health,Fiction,Hardcover
Quick & Easy Ketogenic Cooking, 2016,2695,Maria Emmerich,Cooking & Health,Non Fiction,Paperback
Rick Stein’s Secret France, 2019,2692,Rick Stein,Cooking & Health,Fiction,Audio CD
"The Home Bartender, Second Edition: 175+ Cocktails Made with 4 Ingredients or Less (The Art of Entertaining)", 2018,2697,Shane Carley,Cooking & Health,Non Fiction,Hardcover
"The Skinny Slow Cooker Recipe Book: Delicious Recipes Under 300, 400 And 500 Calories (Cooknation)", 2013,2679,CookNation,Cooking & Health,Fiction,Paperback
Deliciously Ella The Plant-Based Cookbook: 100 Simple Vegan Recipes to Make Every Day Delicious, 2018,2675,Ella Mills (Woodward),Cooking & Health,Non Fiction,Audio CD
"Baking with Mary Berry: Cakes, Cookies, Pies, and Pastries from the British Queen of Baking", 2015,2677,Mary Berry,Cooking & Health,Fiction,Hardcover
Joe's 30-Minute Meals: 100 Quick and Healthy Recipes, 2019,2664,Joe Wicks,Cooking & Health,Non Fiction,Paperback
Molly on the Range: Recipes and Stories from An Unlikely Life on a Farm: A Cookbook, 2016,2679,Molly Yeh,Cooking & Health,Fiction,Audio CD
Cook This Book: Techniques That Teach and Recipes to Repeat: A Cookbook, 2021,2676,Molly Baz,Cooking & Health,Non Fiction,Hardcover
Instant Loss On A Budget: Super-Affordable Recipes for the Health-Conscious Cook, 2020,2820,Brittany Williams,Cooking & Health,Fiction,Paperback
"Plant-Based on a Budget: Delicious Vegan Recipes for Under $30 a Week, in Less Than 30 Minutes a Meal", 2019,2813,Toni Okamoto,Cooking & Health,Non Fiction,Audio CD
Madhouse at the End of the Earth: The Belgica's Journey into the Dark Antarctic Night, 2022,2810,Julian Sancton,Cooking & Health,Fiction,Hardcover
A History of the World in 6 Glasses, 2006,2780,Tom Standage,Cooking & Health,Non Fiction,Paperback
"True Roots: A Mindful Kitchen with More Than 100 Recipes Free of Gluten, Dairy, and Refined Sugar: A Cookbook", 2018,2801,Kristin Cavallari,Cooking & Health,Fiction,Audio CD
As Good As It Gets: Life Lessons from a Reluctant Adult, 2021,2783,Romesh Ranganathan,Cooking & Health,Non Fiction,Hardcover
Hunger: A Memoir of (My) Body, 2017,2791,Roxane Gay,Cooking & Health,Fiction,Paperback
"Keto Clarity: Your Definitive Guide to the Benefits of a Low-Carb, High-Fat Diet", 2014,2788,Jimmy Moore,Cooking & Health,Non Fiction,Audio CD
Booze & Vinyl: A Spirited Guide to Great Music and Mixed Drinks, 2018,2765,André Darlington,Cooking & Health,Fiction,Hardcover
The Complete Electric Smoker Cookbook: 100+ Recipes and Essential Techniques for Smokin’ Favorites, 2021,2748,Bill West,Cooking & Health,Non Fiction,Paperback
"Eat Feel Fresh: A Contemporary, Plant-Based Ayurvedic Cookbook", 2018,2748,Sahara Rose Ketabi,Cooking & Health,Fiction,Audio CD
In Defense of Food: An Eater's Manifesto, 2009,2719,Michael Pollan,Cooking & Health,Non Fiction,Hardcover
Momofuku Milk Bar: A Cookbook, 2011,2724,Christina Tosi,Cooking & Health,Fiction,Paperback
The Curry Guy Bible: Recreate Over 200 Indian Restaurant and Takeaway Classics at Home, 2021,2730,Dan Toombs,Cooking & Health,Non Fiction,Audio CD
The Diabetes Weight Loss Cookbook: A life-changing diet to prevent and reverse type 2 diabetes, 2019,2864,Giancarlo Caldesi,Cooking & Health,Fiction,Hardcover
Forks Over Knives: The Plant-Based Way to Health. The #1 New York Times Bestseller, 2011,2837,Gene Stone,Cooking & Health,Non Fiction,Paperback
The Official Harry Potter Baking Book, 2021,2842,Joanna Farrow,Cooking & Health,Fiction,Audio CD
Straight Outta Crawley: Memoirs of a Distinctly Average Human Being, 2020,2834,Romesh Ranganathan,Cooking & Health,Non Fiction,Hardcover
Momofuku: A Cookbook, 2009,2829,David Chang,Cooking & Health,Fiction,Paperback
200 Halogen Oven Recipes: Hamlyn All Colour Cookbook (Hamlyn All Colour Cookery), 2016,2835,Maryanne Madden,Cooking & Health,Non Fiction,Audio CD
"The 4-Hour Chef: The Simple Path to Cooking Like a Pro, Learning Anything, and Living the Good Life", 2012,2848,Timothy Ferriss,Cooking & Health,Fiction,Hardcover
I Heart Soul Food: 100 Southern Comfort Food Favorites, 2020,2842,Rosie Mayes,Cooking & Health,Non Fiction,Paperback
"The Everyday Ketogenic Kitchen: 150+ Inspirational Low-Carb, High-Fat Recipes to Maximize Your Health", 2017,2830,Carolyn Ketchum,Cooking & Health,Fiction,Audio CD
"Like Water for Chocolate: A Novel in Monthly Installments, with Recipes, Romances, and Home Remedies", 1992,2837,Laura Esquivel,Cooking & Health,Non Fiction,Hardcover
"Air Fry Everything: Foolproof Recipes for Fried Favorites and Easy Fresh Ideas by Blue Jean Chef, Meredith Laurence (The Blue Jean Chef)", 2016,2829,Meredith Laurence,Cooking & Health,Fiction,Paperback
Bad Manners: Fast as F*ck: 101 Easy Recipes to Pack Your Plate: A Vegan Cookbook, 2021,2826,Bad Manners,Cooking & Health,Non Fiction,Audio CD
The Keto Guido Cookbook: Delicious Recipes to Get Healthy and Look Great, 2019,2825,Vinny Guadagnino,Cooking & Health,Fiction,Hardcover
The Sopranos Family Cookbook: As Compiled by Artie Bucco, 2002,2821,Allen Rucker,Cooking & Health,Non Fiction,Paperback
The Professional Chef, 2011,2950,The Culinary Institute of America (CIA),Cooking & Health,Fiction,Audio CD
"Fermented Vegetables: Creative Recipes for Fermenting 64 Vegetables & Herbs in Krauts, Kimchis, Brined Pickles, Chutneys, Relishes & Pastes", 2014,2938,Christopher Shockey,Cooking & Health,Non Fiction,Hardcover
French Macarons for Beginners: Foolproof Recipes with 60 Flavors to Mix & Match, 2019,2908,Natalie Wong,Cooking & Health,Fiction,Paperback
The Ultimate Instant Pot Cookbook: 200 Deliciously Simple Recipes for Your Electric Pressure Cooker, 2018,2911,Coco Morante,Cooking & Health,Non Fiction,Audio CD
"Vegan for Everybody: Foolproof Plant-Based Recipes for Breakfast, Lunch, Dinner, and In-Between", 2017,2885,America's Test Kitchen,Cooking & Health,Fiction,Hardcover
Death & Co: Modern Classic Cocktails, 2014,2881,David Kaplan,Cooking & Health,Non Fiction,Paperback
"Betty Crocker Cookbook, 12th Edition: Everything You Need to Know to Cook from Scratch (Comb Bound)", 2018,2880,Betty Crocker,Cooking & Health,Fiction,Audio CD
The 14-Day New Keto Cleanse: Lose Up to 15 Pounds in 2 Weeks with Delicious Meals and Low-Sugar Smoothies, 2022,2882,JJ Smith,Cooking & Health,Non Fiction,Hardcover
The Fast Metabolism Diet Cookbook: Eat Even More Food and Lose Even More Weight, 2013,2877,Haylie Pomroy,Cooking & Health,Fiction,Paperback
Keto Friendly Recipes: Easy Keto For Busy People, 2019,2868,Jennifer Marie Garza,Cooking & Health,Non Fiction,Audio CD
The Hungry Road, 2021,2867,Marita Conlon-McKenna,Cooking & Health,Fiction,Hardcover
"The Complete Plant-Based Cookbook: 500 Inspired, Flexible Recipes for Eating Well Without Meat (The Complete ATK Cookbook Series)", 2020,2850,America's Test Kitchen,Cooking & Health,Non Fiction,Paperback
Maangchi's Real Korean Cooking: Authentic Dishes for the Home Cook, 2015,3006,Maangchi,Cooking & Health,Fiction,Audio CD
Jamie's 30-Minute Meals, 2010,3001,Jamie Oliver,Cooking & Health,Non Fiction,Hardcover
"Afro-Vegan: Farm-Fresh African, Caribbean, and Southern Flavors Remixed [A Cookbook]", 2014,3009,Bryant Terry,Cooking & Health,Fiction,Paperback
Harper Collins India A Taste of Well-Being: Sadhguru's Insights for Your Gastronomics, 2016,2966,Isha Foundation,Cooking & Health,Non Fiction,Audio CD
Cooking Class: 57 Fun Recipes Kids Will Love to Make (and Eat!), 2015,2965,Deanna F. Cook,Cooking & Health,Fiction,Hardcover
Not a Life Coach: Are You Ready to Change Your Life? From the Sunday Times No.1 Bestselling Author, 2021,2979,James Smith,Cooking & Health,Non Fiction,Paperback
The Complete America’s Test Kitchen TV Show Cookbook 2001–2022: Every Recipe from the Hit TV Show Along with Product Ratings Includes the 2022 Season (Complete ATK TV Show Cookbook), 2021,2965,America's Test Kitchen,Cooking & Health,Fiction,Audio CD
Everyday Super Food, 2015,2953,Jamie Oliver,Cooking & Health,Non Fiction,Hardcover
"Vegan Soul Food Cookbook: Plant-Based, No-Fuss Southern Favorites", 2020,2943,Nadira Jenkins-El,Cooking & Health,Fiction,Paperback
Living Beyond Your Feelings: Controlling Emotions So They Don't Control You, 2014,2964,Joyce Meyer,Cooking & Health,Non Fiction,Audio CD
Cucina botanica, 2020,2935,Carlotta Perego,Cooking & Health,Fiction,Hardcover
The Keto Instant Pot Cookbook: Ketogenic Diet Pressure Cooker Recipes Made Easy and Fast, 2018,2944,Urvashi Pitre,Cooking & Health,Non Fiction,Paperback
Mowgli Street Food: Stories and recipes from the Mowgli Street Food restaurants, 2018,2952,Nisha Katona,Cooking & Health,Fiction,Audio CD
"The Essential Air Fryer Cookbook for Beginners: Easy, Foolproof Recipes for Your Air Fryer", 2020,3098,Laurie Fleming,Cooking & Health,Non Fiction,Hardcover
Little Beach Street Bakery: A Novel, 2015,3103,Jenny Colgan,Cooking & Health,Fiction,Paperback
Vegan 100: Over 100 Incredible Recipes from Avant-Garde Vegan, 2018,3085,Gaz Oakley,Cooking & Health,Non Fiction,Audio CD
The Official Downton Abbey Cookbook (Downton Abbey Cookery), 2019,3091,Annie Gray,Cooking & Health,Fiction,Hardcover
You Suck at Cooking: The Absurdly Practical Guide to Sucking Slightly Less at Making Food: A Cookbook, 2019,3081,You Suck at Cooking,Cooking & Health,Non Fiction,Paperback
Lose Weight & Get Fit: All of the recipes from Tom’s BBC cookery series, 2020,3067,Tom Kerridge,Cooking & Health,Fiction,Audio CD
Air Fryer Cookbook For Beginners: 1000 Frying Recipes For Quick And Easy Meals, 2020,3065,Elena Rose,Cooking & Health,Non Fiction,Hardcover
"Ketotarian: The (Mostly) Plant-Based Plan to Burn Fat, Boost Your Energy, Crush Your Cravings, and Calm Inflammation: A Cookbook", 2018,3085,Dr. Will Cole,Cooking & Health,Fiction,Paperback
Fast Food Nation: The Dark Side of the All-American Meal, 2012,3071,Eric Schlosser,Cooking & Health,Non Fiction,Audio CD
Eat and Run: My Unlikely Journey to Ultramarathon Greatness, 2013,3063,Scott Jurek,Cooking & Health,Fiction,Hardcover
Keto Made Easy: 100+ Easy Keto Dishes Made Fast to Fit Your Life, 2018,3051,Megha Barot,Cooking & Health,Non Fiction,Paperback
The Complete Bariatric Cookbook and Meal Plan: Recipes and Guidance for Life Before and After Surgery, 2019,3041,Megan Moore RD,Cooking & Health,Fiction,Audio CD
"Crock Pot: 1001 Best Crock Pot Recipes of All Time (Crockpot, Crockpot Recipes, Crock Pot Cookbook, Crock Pot Recipes, Crock Pot, Slow Cooker, Slow Cooker Recipes, Slow Cooker Cookbook, Cookbooks)", 2016,3044,Emma Katie,Cooking & Health,Non Fiction,Hardcover
The Nerdy Nummies Cookbook: Sweet Treats for the Geek in All of Us, 2015,3016,Rosanna Pansino,Cooking & Health,Fiction,Paperback
The Elements of Pizza: Unlocking the Secrets to World-Class Pies at Home [A Cookbook], 2016,3185,Ken Forkish,Cooking & Health,Non Fiction,Audio CD
"Pappyland: A Story of Family, Fine Bourbon, and the Things That Last", 2023,3166,Wright Thompson,Cooking & Health,Fiction,Hardcover
"The Golden Girls Cookbook: More than 90 Delectable Recipes from Blanche, Rose, Dorothy, and Sophia (ABC)", 2020,3176,Christopher Styler,Cooking & Health,Non Fiction,Paperback
The Smoothie Recipe Book: 150 Smoothie Recipes Including Smoothies for Weight Loss and Smoothies for Good Health, 2013,3176,Mendocino Press,Cooking & Health,Fiction,Audio CD
The Baking Cookbook for Teens: 75 Delicious Recipes for Sweet and Savory Treats, 2021,3138,Robin Donovan,Cooking & Health,Non Fiction,Hardcover
Cake Decorating for Beginners: A Step-by-Step Guide to Decorating Like a Pro, 2022,3124,Rose Atwater,Cooking & Health,Fiction,Paperback
Outlander Kitchen: The Official Outlander Companion Cookbook, 2016,3118,Theresa Carle-Sanders,Cooking & Health,Non Fiction,Audio CD
Glucose Revolution: The life-changing power of balancing your blood sugar, 2022,3123,Jessie Inchauspe,Cooking & Health,Fiction,Hardcover
Carnivore Diet, 2019,3134,Shawn Baker,Cooking & Health,Non Fiction,Paperback
East: 120 Vegan and Vegetarian Recipes from Bangalore to Beijing [American Measurements], 2020,3108,Meera Sodha,Cooking & Health,Fiction,Audio CD
"The Bulletproof Diet: Lose up to a Pound a Day, Reclaim Energy and Focus, Upgrade Your Life", 2014,3106,Dave Asprey,Cooking & Health,Non Fiction,Hardcover
The Great British Baking Show: Love to Bake, 2020,3127,Paul Hollywood,Cooking & Health,Fiction,Paperback
"The Pizza Bible: The World's Favorite Pizza Styles, from Neapolitan, Deep-Dish, Wood-Fired, Sicilian, Calzones and Focaccia to New York, New Haven, Detroit, and More", 2014,3101,Tony Gemignani,Cooking & Health,Non Fiction,Audio CD
Hear Me Out, 2022,3109,Sarah Harding,Cooking & Health,Fiction,Hardcover
The Official Bright Line Eating Cookbook: Weight Loss Made Simple, 2021,3305,Susan Peirce Thompson Ph.D.,Cooking & Health,Non Fiction,Paperback
"The Essential Wok Cookbook: A Simple Chinese Cookbook for Stir-Fry, Dim Sum, and Other Restaurant Favorites", 2021,3326,Naomi Imatome-Yun,Cooking & Health,Fiction,Audio CD
"The Well Plated Cookbook: Fast, Healthy Recipes You'll Want to Eat", 2020,3295,Erin Clarke,Cooking & Health,Non Fiction,Hardcover
Eat a Peach: A Memoir, 2022,3302,David Chang,Cooking & Health,Fiction,Paperback
"PlantYou: 140+ Ridiculously Easy, Amazingly Delicious Plant-Based Oil-Free Recipes", 2022,3293,Carleigh Bodrug,Cooking & Health,Non Fiction,Audio CD
"Tom Kerridge's Dopamine Diet: My low-carb, stay-happy way to lose weight", 2017,3281,Tom Kerridge,Cooking & Health,Fiction,Hardcover
The Complete Plant Based Cookbook For Beginners: 550 Plant-Based Healthy Diet Recipes To Cook Quick & Easy Meals, 2020,3255,Jordan Worthen,Cooking & Health,Non Fiction,Paperback
The Book On Pie: Everything You Need to Know to Bake Perfect Pies, 2020,3240,Erin Jeanne McDowell,Cooking & Health,Fiction,Audio CD
Trejo's Tacos: Recipes and Stories from L.A.: A Cookbook, 2020,3228,Danny Trejo,Cooking & Health,Non Fiction,Hardcover
"The South Beach Diet: The Delicious, Doctor-Designed, Foolproof Plan for Fast and Healthy Weight Loss", 2020,3210,Arthur Agatston,Cooking & Health,Fiction,Paperback
"The World Atlas of Coffee: From Beans to Brewing -- Coffees Explored, Explained and Enjoyed", 2018,3226,James Hoffmann,Cooking & Health,Non Fiction,Audio CD
Baking Class: 50 Fun Recipes Kids Will Love to Bake! (Cooking Class), 2017,3196,Deanna F. Cook,Cooking & Health,Fiction,Hardcover
The Mexican Home Kitchen: Traditional Home-Style Recipes That Capture the Flavors and Memories of Mexico, 2020,3201,Mely Martínez,Cooking & Health,Non Fiction,Paperback
Edibles: Small Bites for the Modern Cannabis Kitchen, 2018,3185,Stephanie Hua,Cooking & Health,Fiction,Audio CD
The Pioneer Woman: Black Heels to Tractor Wheels--a Love Story, 2012,3179,Ree Drummond,Cooking & Health,Non Fiction,Hardcover
"The Big Book of Kombucha: Brewing, Flavoring, and Enjoying the Health Benefits of Fermented Tea", 2016,3424,Hannah Crum,Cooking & Health,Fiction,Paperback
The Official Big Ninja Foodi Pressure Cooker Cookbook: 175 Recipes and 3 Meal Plans for Your Favorite Do-It-All Multicooker (Ninja Cookbooks), 2019,3423,Kenzie Swanhart,Cooking & Health,Non Fiction,Audio CD
"Smuggler's Cove: Exotic Cocktails, Rum, and the Cult of Tiki", 2016,3407,Martin Cate,Cooking & Health,Fiction,Hardcover
Spoon-Fed: Why Almost Everything We’ve Been Told About Food is Wrong, 2021,3366,Tim Spector,Cooking & Health,Non Fiction,Paperback
Canning and Preserving for Beginners: The Essential Canning Recipes and Canning Supplies Guide, 2013,3361,Will Budiaman,Cooking & Health,Fiction,Audio CD
The Hairy Dieters Eat for Life, 2013,3365,Hairy Bikers,Cooking & Health,Non Fiction,Hardcover
"The Complete Guide to Hunting, Butchering, and Cooking Wild Game: Volume 2: Small Game and Fowl", 2015,3349,Steven Rinella,Cooking & Health,Fiction,Paperback
Against All Grain: Delectable Paleo Recipes To Eat Well And Feel Great, 2013,3363,Danielle Walker,Cooking & Health,Non Fiction,Audio CD
5 Ingredient Cookbook: Easy Recipes in 5 or Less Ingredients (Quick and Easy Cooking Series), 2015,3354,Hannie P. Scott,Cooking & Health,Fiction,Hardcover
Betty Crocker's Cooky Book, 2002,3344,Betty Crocker,Cooking & Health,Non Fiction,Paperback
"Danielle Walker's Against All Grain: Meals Made Simple: Gluten-Free, Dairy-Free, and Paleo Recipes to Make Anytime", 2014,3354,Danielle Walker,Cooking & Health,Fiction,Audio CD
Free Foods: Guilt-free Food for Healthy Appetites, 2012,3348,Slimming World,Cooking & Health,Non Fiction,Hardcover
Great Food Fast : Bob Warden's Ultimate Pressure Cooker Recipes, 2012,3344,Bob Warden,Cooking & Health,Fiction,Paperback
Bish Bash Bosh!: Your Favorites * All Plants (BOSH Series), 2019,3338,Ian Theasby,Cooking & Health,Non Fiction,Audio CD
O'Mara's: The Guesthouse on the Green (The Guesthouse on the Green Series), 2018,3488,Michelle Vernal,Cooking & Health,Fiction,Hardcover
Ultimate Veg: Easy & Delicious Meals for Everyone [American Measurements], 2020,3508,Jamie Oliver,Cooking & Health,Non Fiction,Paperback
Trim Healthy Mama Plan: The Easy-Does-It Approach to Vibrant Health and a Slim Waistline, 2015,3487,Pearl Barrett,Cooking & Health,Fiction,Audio CD
The Furious Method: The Sunday Times bestselling guide to a healthier body & mind, 2020,3495,Tyson Fury,Cooking & Health,Non Fiction,Hardcover
The Batch Lady: Shop Once. Cook Once. Eat Well All Week., 2020,3505,Suzanne Mulholland,Cooking & Health,Fiction,Paperback
Supertato Veggies Assemble, 2016,3498,Sue Hendra,Cooking & Health,Non Fiction,Audio CD
America's Test Kitchen Twentieth Anniversary TV Show Cookbook: Best-Ever Recipes from the Most Successful Cooking Show on TV (Complete ATK TV Show Cookbook), 2019,3480,America's Test Kitchen,Cooking & Health,Fiction,Hardcover
The Negro Motorist Green-Book: 1940 Facsimile Edition, 2018,3462,Victor H Green,Cooking & Health,Non Fiction,Paperback
"Faith, Family & The Feast: Recipes to Feed Your Crew from the Grill, Garden, and Iron Skillet", 2020,3465,Kent Rollins,Cooking & Health,Fiction,Audio CD
The Everything Gluten-Free & Dairy-Free Cookbook: 300 Simple and Satisfying Recipes without Gluten or Dairy, 2019,3458,Audrey Roberts,Cooking & Health,Non Fiction,Hardcover
Finding Freedom: A Cook's Story; Remaking a Life from Scratch, 2021,3457,Erin French,Cooking & Health,Fiction,Paperback
"Nutribullet Recipe Book: Smoothie Recipes for Weight-Loss, Detox, Anti-Aging & So Much More!", 2014,3446,Stephanie Shaw,Cooking & Health,Non Fiction,Audio CD
Keto Air Fryer: 100+ Delicious Low-Carb Recipes to Heal Your Body & Help You Lose Weight, 2019,3429,Maria Emmerich,Cooking & Health,Fiction,Hardcover
Speedy BOSH!: Over 100 New Quick and Easy Plant-Based Meals in 30 Minutes from the Authors of the Highest Selling Vegan Cookbook Ever, 2020,3703,Henry Firth,Cooking & Health,Non Fiction,Paperback
Jamie Oliver's Christmas Cookbook: For the Best Christmas Ever, 2017,3666,Jamie Oliver,Cooking & Health,Fiction,Audio CD
"The Dash Diet Weight Loss Solution: 2 Weeks to Drop Pounds, Boost Metabolism, and Get Healthy (A DASH Diet Book)", 2019,3676,Marla Heller,Cooking & Health,Non Fiction,Hardcover
Kid Chef Bakes: The Kids Cookbook for Aspiring Bakers, 2021,3635,Lisa Huff,Cooking & Health,Fiction,Paperback
"Fatto in casa da Benedetta. Torte, primi sfiziosi, stuzzichini... le ricette più golose del web", 2019,3645,Benedetta Rossi,Cooking & Health,Non Fiction,Audio CD
"The Bushcraft Field Guide to Trapping, Gathering, and Cooking in the Wild", 2016,3643,Dave Canterbury,Cooking & Health,Fiction,Hardcover
"The 5-Ingredient College Cookbook: Easy, Healthy Recipes for the Next Four Years & Beyond", 2017,3592,Pamela Ellgen,Cooking & Health,Non Fiction,Paperback
Cook Like a Pro: Recipes and Tips for Home Cooks: A Barefoot Contessa Cookbook, 2018,3588,Ina Garten,Cooking & Health,Fiction,Audio CD
The BIG Metric Ninja Foodi Cookbook: Over 100 recipes using European measurements, 2021,3589,David Small,Cooking & Health,Non Fiction,Hardcover
"The Official Ninja Air Fryer Cookbook for Beginners: 75+ Recipes for Faster, Healthier, & Crispier Fried Favorites (Ninja Cookbooks)", 2019,3570,Linda Larsen,Cooking & Health,Fiction,Paperback
Mushrooming without Fear: The Beginner's Guide to Collecting Safe and Delicious Mushrooms, 2007,3560,Alexander Schwab,Cooking & Health,Non Fiction,Audio CD
Meathead: The Science of Great Barbecue and Grilling, 2016,3575,Meathead Goldwyn,Cooking & Health,Fiction,Hardcover
Cook Anime: Eat Like Your Favorite Character―From Bento to Yakisoba: A Cookbook, 2020,3556,Diana Ault,Cooking & Health,Non Fiction,Paperback
Better Homes and Gardens New Cook Book (Better Homes and Gardens Cooking), 2018,3563,Better Homes and Gardens,Cooking & Health,Fiction,Audio CD
Fresh Start Bariatric Cookbook: Healthy Recipes to Enjoy Favorite Foods After Weight-Loss Surgery, 2017,3528,Sarah Kent MS  RDN  CD,Cooking & Health,Non Fiction,Hardcover
Our Family Recipes Journal, 2016,3513,Peter Pauper Press,Cooking & Health,Fiction,Paperback
"Air Fryer Perfection: From Crispy Fries and Juicy Steaks to Perfect Vegetables, What to Cook & How to Get the Best Results", 2019,3804,America's Test Kitchen,Cooking & Health,Non Fiction,Audio CD
A Million Little Pieces, 2005,3790,James Frey,Cooking & Health,Fiction,Hardcover
The Juicing Bible, 2008,3767,Pat Crocker,Cooking & Health,Non Fiction,Paperback
Hungry: The Highly Anticipated Memoir from One of the Greatest Food Writers of All Time, 2021,3757,Grace Dent,Cooking & Health,Fiction,Audio CD
"Inspiralized: Turn Vegetables into Healthy, Creative, Satisfying Meals: A Cookbook", 2015,3770,Ali Maffucci,Cooking & Health,Non Fiction,Hardcover
INDIAN RESTAURANT CURRY AT HOME VOLUME 1: Misty Ricardo's Curry Kitchen, 2018,3770,Richard Sayce,Cooking & Health,Fiction,Paperback
The Complete Vegetarian Cookbook: A Fresh Guide to Eating Well With 700 Foolproof Recipes (The Complete ATK Cookbook Series), 2015,3735,America's Test Kitchen,Cooking & Health,Non Fiction,Audio CD
Food For Free (Collins Gem), 2012,3731,Richard Mabey,Cooking & Health,Fiction,Hardcover
The Omnivore's Dilemma: A Natural History of Four Meals, 2007,3712,Michael Pollan,Cooking & Health,Non Fiction,Paperback
"Barbecue Sauces, Rubs, and Marinades - Bastes, Butter & Glazes, Too", 2017,3711,Steven Raichlen,Cooking & Health,Fiction,Audio CD
Trim Healthy Mama's Trim Healthy Table: More Than 300 All-New Healthy and Delicious Recipes from Our Homes to Yours : A Cookbook, 2017,3694,Pearl Barrett,Cooking & Health,Non Fiction,Hardcover
"DIRTY, LAZY, KETO (Revised and Expanded)", 2020,3696,Stephanie Laska,Cooking & Health,Fiction,Paperback
Sam the Cooking Guy: Recipes with Intentional Leftovers, 2020,3703,Sam Zien,Cooking & Health,Non Fiction,Audio CD
"Eat Better, Feel Better: My Recipes for Wellness and Healing, Inside and Out", 2021,3682,Giada De Laurentiis,Cooking & Health,Fiction,Hardcover
"The Slimming Foodie: Every Day Meals Made Healthy, Hearty and Delicious: 100+ Recipes Under 600 Calories", 2021,3683,Pip Payne,Cooking & Health,Non Fiction,Paperback
Gordon Ramsay's Ultimate Cookery Course, 2012,3921,Gordon Ramsay,Cooking & Health,Fiction,Audio CD
Paul Hollywood's Bread, 2013,3913,Paul Hollywood,Cooking & Health,Non Fiction,Hardcover
"Half Baked Harvest Every Day: Recipes for Balanced, Flexible, Feel-Good Meals: A Cookbook", 2022,3880,Tieghan Gerard,Cooking & Health,Fiction,Paperback
"Foundations of Flavor: The Noma Guide to Fermentation: Including In-Depth, Step-By-Step Information on Making and Using Koji, Kombuchas, Shoyus, Misos, Vinegars, Garums, Lacto-Ferments, and Black Fruits and Vegetables (Foundations of Flavor)", 2018,3889,René Redzepi,Cooking & Health,Non Fiction,Audio CD
"Plants-Only Kitchen: Over 70 Delicious, Super-Simple, Powerful and Protein-Packed Recipes for Busy People", 2020,3892,Gaz Oakley,Cooking & Health,Fiction,Hardcover
"100 Cookies: The Baking Book for Every Kitchen, with Classic Cookies, Novel Treats, Brownies, Bars, and More", 2020,3859,Sarah Kieffer,Cooking & Health,Non Fiction,Paperback
The Complete Instant Pot Cookbook 1000 Recipes: For Your Pressure Cooker With Effortless And Easy Beginners Meals, 2020,3878,Rebecca White,Cooking & Health,Fiction,Audio CD
"The Hairy Bikers’ One Pot Wonders: Over 100 delicious new favourites, from terrific tray bakes to roasting tin treats!", 2020,3830,Hairy Bikers,Cooking & Health,Non Fiction,Hardcover
"The Bread Baker's Apprentice, 15th Anniversary Edition: Mastering the Art of Extraordinary Bread [A Baking Book]", 2016,3829,Peter Reinhart,Cooking & Health,Fiction,Paperback
Tasty Latest and Greatest: Everything You Want to Cook Right Now (An Official Tasty Cookbook), 2017,3837,Tasty,Cooking & Health,Non Fiction,Audio CD
The Complete Air Fryer Cookbook for Beginners On A Budget: 600 Recipes For Effortless Air Frying, 2020,3802,Ronda Jones,Cooking & Health,Fiction,Hardcover
The Necronomnomnom: Recipes and Rites from the Lore of H. P. Lovecraft, 2019,3791,Mike Slater,Cooking & Health,Non Fiction,Paperback
"The Full Plate: Flavor-Filled, Easy Recipes for Families with No Time and a Lot to Do", 2020,3789,Ayesha Curry,Cooking & Health,Fiction,Audio CD
Artisan Sourdough Made Simple: A Beginner's Guide to Delicious Handcrafted Bread with Minimal Kneading, 2017,4030,Emilie Raffa,Cooking & Health,Non Fiction,Hardcover
Pasta Grannies: The Official Cookbook: The Secrets of Italy's Best Home Cooks, 2019,4039,Vicky Bennison,Cooking & Health,Fiction,Paperback
Bartender'S Guide To Cocktails (Quick Study Home), 2007,4028,Inc. BarCharts,Cooking & Health,Non Fiction,Audio CD
"The Prevent and Reverse Heart Disease Cookbook: Over 125 Delicious, Life-Changing, Plant-Based Recipes", 2014,4014,Ann Crile Esselstyn,Cooking & Health,Fiction,Hardcover
Keto Diet For Dummies, 2019,3992,Rami Abrams,Cooking & Health,Non Fiction,Paperback
New Atkins for a New You: The Ultimate Diet for Shedding Weight and Feeling Great., 2010,4015,Stephen D. Phinney,Cooking & Health,Fiction,Audio CD
Gordon Ramsay Quick and Delicious: 100 Recipes to Cook in 30 Minutes or Less, 2020,4010,Gordon Ramsay,Cooking & Health,Non Fiction,Hardcover
Jubilee: Recipes from Two Centuries of African American Cooking: A Cookbook, 2019,3983,Toni Tipton-Martin,Cooking & Health,Fiction,Paperback
"Blood Type O Food, Beverage and Supplement Lists (Eat Right 4 Your Type)", 2002,3973,Peter J. D'Adamo,Cooking & Health,Non Fiction,Audio CD
Essentials of Classic Italian Cooking, 1992,3981,Marcella Hazan,Cooking & Health,Fiction,Hardcover
The Chocolate Touch, 2006,3993,Patrick Skene Catling,Cooking & Health,Non Fiction,Paperback
The Science of Spice: Understand Flavor Connections and Revolutionize Your Cooking, 2018,3971,Dr. Stuart Farrimond,Cooking & Health,Fiction,Audio CD
Skinnytaste Fast and Slow: Knockout Quick-Fix and Slow Cooker Recipes: A Cookbook, 2016,3969,Gina Homolka,Cooking & Health,Non Fiction,Hardcover
"The Instant Pot Bible: More than 350 Recipes and Strategies: The Only Book You Need for Every Model of Instant Pot (Instant Pot Bible, 1)", 2018,3934,Bruce Weinstein,Cooking & Health,Fiction,Paperback
Together: Memorable Meals Made Easy [American Measurements], 2021,4232,Jamie Oliver,Cooking & Health,Non Fiction,Audio CD
Appetites: A Cookbook, 2016,4221,Anthony Bourdain,Cooking & Health,Fiction,Hardcover
"Tasty Every Day: All of the Flavor, None of the Fuss (An Official Tasty Cookbook)", 2019,4211,Tasty,Cooking & Health,Non Fiction,Paperback
"The Healthy Meal Prep Cookbook: Easy and Wholesome Meals to Cook, Prep, Grab, and Go", 2017,4181,Toby Amidor,Cooking & Health,Fiction,Audio CD
The Juicing Recipes Book: 150 Healthy Juicer Recipes to Unleash the Nutritional Power of Your Juicing Machine, 2014,4190,Mendocino Press,Cooking & Health,Non Fiction,Hardcover
"The Vegan Instant Pot Cookbook: Wholesome, Indulgent Plant-Based Recipes", 2019,4145,Nisha Vora,Cooking & Health,Fiction,Paperback
"Complete Dehydrator Cookbook: How to Dehydrate Fruit, Vegetables, Meat & More", 2020,4141,Carole Cancler,Cooking & Health,Non Fiction,Audio CD
The Official Ninja Foodi Digital Air Fry Oven Cookbook: 75 Recipes for Quick and Easy Sheet Pan Meals (Ninja Cookbooks), 2019,4136,Janet A. Zimmerman,Cooking & Health,Fiction,Hardcover
"Chinese Takeout Cookbook: From Chop Suey to Sweet 'n' Sour, Over 70 Recipes to Re-create Your Favorites", 2019,4135,Kwoklyn Wan,Cooking & Health,Non Fiction,Paperback
The Complete Instant Pot Cookbook For Beginners: 600 Everyday Pressure Cooker Recipes For Affordable Homemade Meals, 2020,4096,Matilda Armstrong,Cooking & Health,Fiction,Audio CD
Matty Matheson: A Cookbook, 2018,4105,Matty Matheson,Cooking & Health,Non Fiction,Hardcover
Antoni In The Kitchen, 2019,4110,Antoni Porowski,Cooking & Health,Fiction,Paperback
"Sweet Potato Soul: 100 Easy Vegan Recipes for the Southern Flavors of Smoke, Sugar, Spice, and Soul : A Cookbook", 2018,4049,Jenne Claiborne,Cooking & Health,Non Fiction,Audio CD
Maangchi's Big Book Of Korean Cooking: From Everyday Meals to Celebration Cuisine, 2019,4038,Maangchi,Cooking & Health,Fiction,Hardcover
Beastie Boys Book, 2018,4406,Michael Diamond,Cooking & Health,Non Fiction,Paperback
The Ultimate Guide to Keto Baking: Master All the Best Tricks for Low-Carb Baking Success, 2019,4416,Carolyn Ketchum,Cooking & Health,Fiction,Audio CD
"The Healthy Smoothie Bible: Lose Weight, Detoxify, Fight Disease, and Live Long", 2014,4404,Farnoosh Brock,Cooking & Health,Non Fiction,Hardcover
Next Level Basic: The Definitive Basic Bitch Handbook, 2019,4382,Stassi Schroeder,Cooking & Health,Fiction,Paperback
The Drunken Botanist, 2013,4370,Amy Stewart,Cooking & Health,Non Fiction,Audio CD
Why We Get Fat: And What to Do About It, 2011,4336,Gary Taubes,Cooking & Health,Fiction,Hardcover
"Smokin' with Myron Mixon: Recipes Made Simple, from the Winningest Man in Barbecue: A Cookbook", 2011,4330,Myron Mixon,Cooking & Health,Non Fiction,Paperback
A Taste Of Cowboy: Ranch Recipes and Tales from the Trail, 2015,4291,Kent Rollins,Cooking & Health,Fiction,Audio CD
World of Warcraft: The Official Cookbook, 2016,4285,Chelsea Monroe-Cassel,Cooking & Health,Non Fiction,Hardcover
Trim Healthy Mama Cookbook: Eat Up and Slim Down with More Than 350 Healthy Recipes, 2015,4309,Pearl Barrett,Cooking & Health,Fiction,Paperback
Plenty: Vibrant Vegetable Recipes from London's Ottolenghi, 2011,4301,Yotam Ottolenghi,Cooking & Health,Non Fiction,Audio CD
The Bread Lover's Bread Machine Cookbook: A Master Baker's 300 Favorite Recipes for Perfect-Every-Time Bread-From Every Kind of Machine, 2000,4285,Beth Hensperger,Cooking & Health,Fiction,Hardcover
"Instant Loss Cookbook: Cook Your Way to a Healthy Weight with 125 Recipes for Your Instant Pot, Pressure Cooker, and More", 2018,4245,Brittany Williams,Cooking & Health,Non Fiction,Paperback
Fix-It and Forget-It Big Cookbook: 1400 Best Slow Cooker Recipes!, 2008,4540,Phyllis Good,Cooking & Health,Fiction,Audio CD
World Travel: An Irreverent Guide, 2021,4537,Anthony Bourdain,Cooking & Health,Non Fiction,Hardcover
The How-To Cookbook for Teens: 100 Easy Recipes to Learn the Basics, 2020,4508,Julee Morrison,Cooking & Health,Fiction,Paperback
The First Foods Book (Ella's Kitchen), 2015,4523,Ella's Kitchen,Cooking & Health,Non Fiction,Audio CD
"Simple & Safe Baby-Led Weaning: How to Integrate Foods, Master Portion Sizes, and Identify Allergies", 2020,4479,Malina Malkani MS  RDN  CDN,Cooking & Health,Fiction,Hardcover
"The Ultimate Dehydrator Cookbook: The Complete Guide to Drying Food, Plus 398 Recipes, Including Making Jerky, Fruit Leather & Just-Add-Water Meals", 2014,4452,Tammy Gangloff,Cooking & Health,Non Fiction,Paperback
The 30-Day Ketogenic Cleanse: Reset Your Metabolism with 160 Tasty Whole-Food Recipes & a Guided Meal Plan, 2016,4446,Maria Emmerich,Cooking & Health,Fiction,Audio CD
The Complete America's Test Kitchen TV Show Cookbook 2001-2021: Every Recipe from the HIt TV Show Along with Product Ratings Includes the 2021 Season (Complete ATK TV Show Cookbook), 2020,4451,America's Test Kitchen,Cooking & Health,Non Fiction,Hardcover
"The Shredded Chef: 125 Recipes for Building Muscle, Getting Lean, and Staying Healthy (Third Edition)", 2016,4434,Michael Matthews,Cooking & Health,Fiction,Paperback
The Happy Cookbook: A Celebration of the Food That Makes America Smile (The Happy Cookbook Series), 2018,4416,Steve Doocy,Cooking & Health,Non Fiction,Audio CD
The Quick Roasting Tin, 2019,4424,Rukmini Iyer,Cooking & Health,Fiction,Hardcover
Indian Instant Pot® Cookbook: Traditional Indian Dishes Made Easy and Fast, 2017,4425,Urvashi Pitre,Cooking & Health,Non Fiction,Paperback
Deluxe Recipe Binder - Favorite Recipes (Chalkboard), 2017,4401,New Seasons,Cooking & Health,Fiction,Audio CD
Fix It with Food: More Than 125 Recipes to Address Autoimmune Issues and Inflammation: A Cookbook, 2019,4852,Michael Symon,Cooking & Health,Non Fiction,Hardcover
"The DIRTY, LAZY, KETO Cookbook: Bend the Rules to Lose the Weight!", 2020,4869,Stephanie Laska,Cooking & Health,Fiction,Paperback
"The Pioneer Woman Cooks―Come and Get It!: Simple, Scrumptious Recipes for Crazy Busy Lives", 2017,4843,Ree Drummond,Cooking & Health,Non Fiction,Audio CD
101 Asian Dishes You Need to Cook Before You Die: Discover a New World of Flavors in Authentic Recipes, 2017,4814,Jet Tila,Cooking & Health,Fiction,Hardcover
Jamies 15-Minute Meals, 2012,4831,Jamie Oliver,Cooking & Health,Non Fiction,Paperback
"Whiskey in a Teacup: What Growing Up in the South Taught Me About Life, Love, and Baking Biscuits", 2018,4801,Reese Witherspoon,Cooking & Health,Fiction,Audio CD
The Amish Canning Cookbook: Plain and Simple Living at Its Homemade Best, 2013,4765,Georgia Varozza,Cooking & Health,Non Fiction,Hardcover
Travels with Charley in Search of America (Penguin Audio Classics), 2011,4713,John Steinbeck,Cooking & Health,Fiction,Paperback
Original Flava: Caribbean Recipes from Home, 2019,4690,Craig McAnuff,Cooking & Health,Non Fiction,Audio CD
The Pioneer Woman Cooks―Food from My Frontier, 2012,4695,Ree Drummond,Cooking & Health,Fiction,Hardcover
Instant Pot for Two Cookbook: Easy and Healthy Instant Pot Recipes Cookbook for Two, 2018,4651,Alice Newman,Cooking & Health,Non Fiction,Paperback
The Hillbilly Kitchen Verses and Vittles: Down Home Country Cooking (Volume), 2019,4620,Becky Walker,Cooking & Health,Fiction,Audio CD
Death and Croissants: The most hilarious murder mystery since Richard Osman's The Thursday Murder Club (A Follet Valley Mystery), 2022,4582,Ian Moore,Cooking & Health,Non Fiction,Hardcover
Hold Me Tight, 2020,4552,Sue Johnson,Cooking & Health,Fiction,Paperback
Der Ernährungskompass: Das Fazit aller wissenschaftlichen Studien zum Thema Ernährung - Mit den 12 wichtigsten Regeln der gesunden Ernährung, 2018,5194,Bas Kast,Cooking & Health,Non Fiction,Audio CD
Gordon Ramsay's Home Cooking: Everything You Need to Know to Make Fabulous Food, 2013,5151,Gordon Ramsay,Cooking & Health,Fiction,Hardcover
Keto Comfort Foods: Family Favorite Recipes Made Low-Carb and Healthy, 2017,5147,Maria Emmerich,Cooking & Health,Non Fiction,Paperback
"The Complete Air Fryer Cookbook for Beginners 2020: 625 Affordable, Quick & Easy Air Fryer Recipes for Smart People on a Budget | Fry, Bake, Grill & Roast Most Wanted Family Meals", 2019,5151,America's Food Hub,Cooking & Health,Fiction,Audio CD
Over the Top: A Raw Journey to Self-Love, 2019,5134,Jonathan Van Ness,Cooking & Health,Non Fiction,Hardcover
Friends: The Official Cookbook, 2020,5125,Amanda Yee,Cooking & Health,Fiction,Paperback
"How Not to Diet: The Groundbreaking Science of Healthy, Permanent Weight Loss", 2021,5088,Michael Greger,Cooking & Health,Non Fiction,Audio CD
Love Real Food: More Than 100 Feel-Good Vegetarian Favorites to Delight the Senses and Nourish the Body: A Cookbook, 2017,5075,Kathryne Taylor,Cooking & Health,Fiction,Hardcover
The Man Who Mistook His Wife for a Hat: And Other Clinical Tales, 2021,5065,Oliver Sacks,Cooking & Health,Non Fiction,Paperback
Nourishing Traditions: The Cookbook that Challenges Politically Correct Nutrition and Diet Dictocrats, 2001,5052,Sally Fallon,Cooking & Health,Fiction,Audio CD
Just Feed Me: Simply Delicious Recipes from My Heart to Your Plate, 2020,5071,Jessie James Decker,Cooking & Health,Non Fiction,Hardcover
Plant Over Processed: 75 Simple & Delicious Plant-Based Recipes for Nourishing Your Body and Eating From the Earth, 2020,4958,Andrea Hannemann,Cooking & Health,Fiction,Paperback
How to Bake, 2013,4937,Paul Hollywood,Cooking & Health,Non Fiction,Audio CD
"The Pioneer Woman Cooks―A Year of Holidays: 140 Step-by-Step Recipes for Simple, Scrumptious Celebrations", 2013,4938,Ree Drummond,Cooking & Health,Fiction,Hardcover
Mastering the Art of French Cooking (2 Volume Set), 2009,4900,Julia Child,Cooking & Health,Non Fiction,Paperback
The Hairy Dieters, 2012,5796,Dave Myers,Cooking & Health,Fiction,Audio CD
Fifty Shades of Chicken: A Parody in a Cookbook, 2012,5748,F.L. Fowler,Cooking & Health,Non Fiction,Hardcover
Matty Matheson: Home Style Cookery: A Home Cookbook, 2020,5761,Matty Matheson,Cooking & Health,Fiction,Paperback
Tartine Bread, 2010,5692,Chad Robertson,Cooking & Health,Non Fiction,Audio CD
Enough Already: Learning to Love the Way I Am Today, 2022,5692,Valerie Bertinelli,Cooking & Health,Fiction,Hardcover
Star Wars: Galaxy's Edge: The Official Black Spire Outpost Cookbook, 2019,5628,Chelsea Monroe-Cassel,Cooking & Health,Non Fiction,Paperback
The Essential Air Fryer Cookbook for Two: Perfectly Portioned Recipes for Healthier Fried Favorites, 2019,5608,Gina Kleinworth,Cooking & Health,Fiction,Audio CD
100 Cakes and Bakes (My Kitchen Table), 2011,5586,Mary Berry,Cooking & Health,Non Fiction,Hardcover
The Pioneer Woman Cooks: Recipes from an Accidental Country Girl, 2009,5525,Ree Drummond,Cooking & Health,Fiction,Paperback
"The Complete Guide to Hunting, Butchering, and Cooking Wild Game: Volume 1: Big Game", 2015,5380,Steven Rinella,Cooking & Health,Non Fiction,Audio CD
"Keto Meal Prep Cookbook For Beginners: 600 Easy, Simple & Basic Ketogenic Diet Recipes (Keto Cookbook)", 2019,5311,Kira Peterson,Cooking & Health,Fiction,Hardcover
True Comfort: More Than 100 Cozy Recipes Free of Gluten and Refined Sugar: A Gluten Free Cookbook, 2020,5262,Kristin Cavallari,Cooking & Health,Non Fiction,Paperback
Jerusalem: A Cookbook, 2012,5201,Yotam Ottolenghi,Cooking & Health,Fiction,Audio CD
"The Forager's Harvest: A Guide to Identifying, Harvesting, and Preparing Edible Wild Plants", 2006,5217,Samuel Thayer,Cooking & Health,Non Fiction,Hardcover
"Keto Meal Prep by FlavCity: 125+ Low Carb Recipes That Actually Taste Good (Keto Cookbook, Keto Diet Recipes, Keto Foods, Keto Dinner Ideas) (FlavCity)", 2019,6507,Bobby Parrish,Cooking & Health,Fiction,Paperback
Green Smoothies for Life, 2016,6524,JJ Smith,Cooking & Health,Non Fiction,Audio CD
Keto Cookbook For Beginners: 1000 Recipes For Quick & Easy Low-Carb Homemade Cooking, 2020,6473,Gerald Hubbell,Cooking & Health,Fiction,Hardcover
Time to Eat: Delicious Meals for Busy Lives: A Cookbook, 2020,6474,Nadiya Hussain,Cooking & Health,Non Fiction,Paperback
"Instant Loss: Eat Real, Lose Weight: How I Lost 125 Pounds―Includes 100+ Recipes", 2019,6283,Brittany Williams,Cooking & Health,Fiction,Audio CD
The MeatEater Guide to Wilderness Skills and Survival, 2020,6122,Steven Rinella,Cooking & Health,Non Fiction,Hardcover
"How to Make Anything Gluten-Free: Over 100 recipes for everything from home comforts to fakeaways, cakes to dessert, brunch to bread!", 2021,6112,Becky Excell,Cooking & Health,Fiction,Paperback
"The Defined Dish: Whole30 Endorsed, Healthy and Wholesome Weeknight Recipes (A Defined Dish Book)", 2019,6061,Alex Snodgrass,Cooking & Health,Non Fiction,Audio CD
Oh Cook!: 60 easy recipes that any idiot can make, 2020,5948,James May,Cooking & Health,Fiction,Hardcover
The Oh She Glows Cookbook: Over 100 Vegan Recipes to Glow from the Inside Out, 2014,5927,Angela Liddon,Cooking & Health,Non Fiction,Paperback
"The Lighter Step-By-Step Instant Pot Cookbook: Easy Recipes for a Slimmer, Healthier You―With Photographs of Every Step (Step-by-Step Instant Pot Cookbooks)", 2021,5884,Jeffrey Eisner,Cooking & Health,Fiction,Audio CD
Ben & Jerry's Homemade Ice Cream & Dessert Book, 1987,5875,Ben Cohen,Cooking & Health,Non Fiction,Hardcover
The Wahls Protocol: A Radical New Way to Treat All Chronic Autoimmune Conditions Using Paleo Principles, 2014,5853,Terry Wahls M.D.,Cooking & Health,Fiction,Paperback
Mary Berry's Baking Bible: Over 250 Classic Recipes, 2009,5832,Mary Berry,Cooking & Health,Non Fiction,Audio CD
"The Plant-Based Diet for Beginners: 75 Delicious, Healthy Whole-Food Recipes", 2019,7148,Gabriel Miller,Cooking & Health,Fiction,Hardcover
The 8-Week Blood Sugar Diet Recipe Book, 2016,7121,Clare Bailey,Cooking & Health,Non Fiction,Paperback
Wine Folly: Magnum Edition: The Master Guide, 2018,7108,Madeline Puckette,Cooking & Health,Fiction,Audio CD
"The 30-Minute Mediterranean Diet Cookbook: 101 Easy, Flavorful Recipes for Lifelong Health", 2018,7049,Serena Ball RD,Cooking & Health,Non Fiction,Hardcover
"My Favorite Recipes: Blank Recipe Book to Write In: Collect the Recipes You Love in Your Own Custom Cookbook, (100-Recipe Journal and Organizer)", 2018,6924,Happy Books Hub,Cooking & Health,Fiction,Paperback
"The Mediterranean Diet for Beginners: The Complete Guide - 40 Delicious Recipes, 7-Day Diet Meal Plan, and 10 Tips for Success", 2013,6941,Rockridge Press,Cooking & Health,Non Fiction,Audio CD
"The Starch Solution: Eat the Foods You Love, Regain Your Health, and Lose the Weight for Good!", 2013,6880,Mary McDougall,Cooking & Health,Fiction,Hardcover
30 Day Kick Start Plan: 100 Delicious Recipes with Energy Boosting Workouts, 2020,6827,Joe Wicks,Cooking & Health,Non Fiction,Paperback
Tequila Mockingbird: Cocktails with a Literary Twist, 2013,6792,Tim Federle,Cooking & Health,Fiction,Audio CD
Cravings: Hungry for More: A Cookbook, 2018,6768,Chrissy Teigen,Cooking & Health,Non Fiction,Hardcover
Half Baked Harvest Cookbook: Recipes from My Barn in the Mountains, 2017,6774,Tieghan Gerard,Cooking & Health,Fiction,Paperback
Juicing for Beginners: The Essential Guide to Juicing Recipes and Juicing for Weight Loss, 2013,6683,Rockridge Press,Cooking & Health,Non Fiction,Audio CD
Fallout: The Vault Dweller's Official Cookbook, 2018,6673,Victoria Rosenthal,Cooking & Health,Fiction,Hardcover
The Wholesome Yum Easy Keto Cookbook: 100 Simple Low Carb Recipes. 10 Ingredients or Less, 2019,6532,Maya Krampf,Cooking & Health,Non Fiction,Paperback
Grain Brain, 2018,7827,David Perlmutter,Cooking & Health,Fiction,Audio CD
"Mastering the Art of French Cooking, Volume I: 50th Anniversary Edition: A Cookbook", 2001,7741,Julia Child,Cooking & Health,Non Fiction,Hardcover
Diabetic Cookbook and Meal Plan for the Newly Diagnosed: A 4-Week Introductory Guide to Manage Type 2 Diabetes, 2018,7747,Lori Zanini RD  CDE,Cooking & Health,Fiction,Paperback
Kitchen Confidential Updated Edition: Adventures in the Culinary Underbelly (P.S.), 2007,7653,Anthony Bourdain,Cooking & Health,Non Fiction,Audio CD
The Bob's Burgers Burger Book: Real Recipes for Joke Burgers, 2016,7654,Bob's Burgers,Cooking & Health,Fiction,Hardcover
Soup Maker Recipe Book: 100 Delicious & Nutritious Soup Recipes, 2016,7609,Liana Green,Cooking & Health,Non Fiction,Paperback
Dessert Person: Recipes and Guidance for Baking with Confidence: A Baking Book, 2020,7628,Claire Saffitz,Cooking & Health,Fiction,Audio CD
"Cook Once, Eat All Week: 26 Weeks of Gluten-Free, Affordable Meal Prep to Preserve Your Time & Sanity", 2019,7602,Cassy Joy Garcia,Cooking & Health,Non Fiction,Hardcover
The Official Ninja Foodi Grill Cookbook for Beginners: 75 Recipes for Indoor Grilling and Air Frying Perfection (Ninja Cookbooks), 2019,7580,Kenzie Swanhart,Cooking & Health,Fiction,Paperback
Mary Berry's Simple Comforts, 2020,7505,Mary Berry,Cooking & Health,Non Fiction,Audio CD
The Keto Diet: The Complete Guide to a High-Fat Diet, 2017,7494,Leanne Vogel,Cooking & Health,Fiction,Hardcover
Dishoom: The first ever cookbook from the much-loved Indian restaurant, 2019,7437,Shamil Thakrar,Cooking & Health,Non Fiction,Paperback
"Cook, Eat, Repeat: Ingredients, Recipes, and Stories", 2021,7408,Nigella Lawson,Cooking & Health,Fiction,Audio CD
"Drinking Animals Coloring Book: A Fun Coloring Gift Book for Party Lovers & Adults Relaxation with Stress Relieving Animal Designs, Quick and Easy Cocktail Recipes", 2019,7381,Caffeinestar Publishing,Cooking & Health,Non Fiction,Hardcover
! Del of a Life, 2021,7333,David Jason,Cooking & Health,Fiction,Paperback
Recovery, 2018,7136,Russell Brand,Cooking & Health,Non Fiction,Audio CD
"Jane's Patisserie: Deliciously Customizable Cakes, Bakes, and Treats", 2023,8339,Jane Dunn,Cooking & Health,Fiction,Hardcover
Skinnytaste Meal Prep: Healthy Make-Ahead Meals and Freezer Recipes to Simplify Your Life: A Cookbook, 2020,8315,Gina Homolka,Cooking & Health,Non Fiction,Paperback
"The Skinnytaste Cookbook: Light on Calories, Big on Flavor", 2014,8321,Gina Homolka,Cooking & Health,Fiction,Audio CD
The Art of Mixology: Classic Cocktails and Curious Concoctions, 2018,8282,Parragon Books,Cooking & Health,Non Fiction,Hardcover
Wean in 15: Weaning Advice and 100 Quick Recipes, 2020,8171,Joe Wicks,Cooking & Health,Fiction,Paperback
All American Christmas, 2021,8155,Rachel Campos-Duffy,Cooking & Health,Non Fiction,Audio CD
"The Pioneer Woman Cooks: Dinnertime - Comfort Classics, Freezer Food, 16-minute Meals, and Other Delicious Ways to Solve Supper", 2015,8158,Ree Drummond,Cooking & Health,Fiction,Hardcover
"The Essential Keto Diet for Beginners #2019: 5-Ingredient Affordable, Quick & Easy Ketogenic Recipes | Lose Weight, Lower Cholesterol & Reverse Diabetes | 21-Day Keto Meal Plan", 2019,8131,Dr. Suzy Shaw,Cooking & Health,Non Fiction,Paperback
"The Pioneer Woman Cooks―Super Easy!: 120 Shortcut Recipes for Dinners, Desserts, and More", 2021,8046,Ree Drummond,Cooking & Health,Fiction,Audio CD
Medical Medium Life-Changing Foods: Save Yourself and the Ones You Love with the Hidden Healing Powers of Fruits & Vegetables, 2016,8049,Anthony William,Cooking & Health,Non Fiction,Hardcover
"The Flavor Bible: The Essential Guide to Culinary Creativity, Based on the Wisdom of America's Most Imaginative Chefs", 2008,7964,Andrew Dornenburg,Cooking & Health,Fiction,Paperback
Joy of Cooking: 2019 Edition Fully Revised and Updated, 2019,7972,Irma S. Rombauer,Cooking & Health,Non Fiction,Audio CD
Ottolenghi Simple: A Cookbook, 2018,7917,Yotam Ottolenghi,Cooking & Health,Fiction,Hardcover
Ottolenghi Flavor: A Cookbook, 2020,7817,Yotam Ottolenghi,Cooking & Health,Non Fiction,Paperback
What the F*@# Should I Make for Dinner?: The Answers to Life’s Everyday Question (in 50 F*@#ing Recipes) (A What The F* Book), 2011,9390,Zach Golden,Cooking & Health,Fiction,Audio CD
"Project Smoke: Seven Steps to Smoked Food Nirvana, Plus 100 Irresistible Recipes from Classic (Slam-Dunk Brisket) to Adventurous (Smoked Bacon-Bourbon ... (Steven Raichlen Barbecue Bible Cookbooks)", 2016,9224,Steven Raichlen,Cooking & Health,Non Fiction,Hardcover
Keto Diet Cookbook For Beginners: 550 Recipes For Busy People on Keto Diet (Keto Recipes for Beginners), 2018,9122,Elizabeth Cunningham,Cooking & Health,Fiction,Paperback
Beautiful Boards: 50 Amazing Snack Boards for Any Occasion, 2019,9108,Maegan Brown,Cooking & Health,Non Fiction,Audio CD
"Nadiya Bakes: Over 100 Must-Try Recipes for Breads, Cakes, Biscuits, Pies, and More: A Baking Book", 2021,9025,Nadiya Hussain,Cooking & Health,Fiction,Hardcover
"Bread Baking for Beginners: The Essential Guide to Baking Kneaded Breads, No-Knead Breads, and Enriched Breads", 2021,9054,Bonnie Ohara,Cooking & Health,Non Fiction,Paperback
"The Complete Cooking for Two Cookbook, Gift Edition: 650 Recipes for Everything You'll Ever Want to Make (The Complete ATK Cookbook Series)", 2017,8763,America's Test Kitchen,Cooking & Health,Fiction,Audio CD
The Art of Seduction, 2003,8711,Robert Greene,Cooking & Health,Non Fiction,Hardcover
"Wheat Belly: Lose the Wheat, Lose the Weight, and Find Your Path Back to Health", 2011,8659,William Davis,Cooking & Health,Fiction,Paperback
The Pioneer Woman Cooks: The New Frontier, 2019,8589,Ree Drummond,Cooking & Health,Non Fiction,Audio CD
Lose Weight for Good: Full-flavour cooking for a low-calorie diet, 2019,8566,Tom Kerridge,Cooking & Health,Fiction,Hardcover
Taste: My Life Through Food, 2021,8488,Stanley Tucci,Cooking & Health,Non Fiction,Paperback
"Skinnytaste One and Done: 140 No-Fuss Dinners for Your Instant Pot®, Slow Cooker, Air Fryer, Sheet Pan, Skillet, Dutch Oven, and More: A Cookbook", 2018,8345,Gina Homolka,Cooking & Health,Fiction,Audio CD
FlavCity's 5 Ingredient Meals: 50 Easy & Tasty Recipes Using the Best Ingredients from the Grocery Store (Heart Healthy Budget Cooking), 2020,10830,Bobby Parrish,Cooking & Health,Non Fiction,Hardcover
Cravings: Recipes for All the Food You Want to Eat: A Cookbook, 2016,10750,Chrissy Teigen,Cooking & Health,Fiction,Paperback
Veg: Easy & Delicious Meals for Everyone, 2019,10708,Jamie Oliver,Cooking & Health,Non Fiction,Audio CD
"The Complete Guide to Pressure Canning: Everything You Need to Know to Can Meats, Vegetables, Meals in a Jar, and More", 2018,10614,Diane Devereaux - The Canning Diva,Cooking & Health,Fiction,Hardcover
"Maid: Hard Work, Low Pay, and a Mother's Will to Survive", 2020,10448,Stephanie Land,Cooking & Health,Non Fiction,Paperback
Franklin Barbecue: A Meat-Smoking Manifesto [A Cookbook], 2015,10337,Aaron Franklin,Cooking & Health,Fiction,Audio CD
"The Official Ninja Foodi: The Pressure Cooker that Crisps: Complete Cookbook for Beginners: Your Expert Guide to Pressure Cook, Air Fry, Dehydrate, and More (Ninja Cookbooks)", 2018,10261,Kenzie Swanhart,Cooking & Health,Non Fiction,Hardcover
The Elder Scrolls: The Official Cookbook, 2019,10255,Chelsea Monroe-Cassel,Cooking & Health,Fiction,Paperback
Kitchen Confidential: Adventures in the Culinary Underbelly, 2000,10093,Anthony Bourdain,Cooking & Health,Non Fiction,Audio CD
Behind The Mask, 2021,10079,Tyson Fury,Cooking & Health,Fiction,Hardcover
Lean in 15: 15-Minute Meals and Workouts to Keep You Lean and Healthy, 2016,9701,Joe Wicks,Cooking & Health,Non Fiction,Paperback
"The Ultimate Bar Book: The Comprehensive Guide to Over 1,000 Cocktails (Cocktail Book, Bartender Book, Mixology Book, Mixed Drinks Recipe Book)", 2006,9635,Mittie Hellmich,Cooking & Health,Fiction,Audio CD
The Language of Letting Go, 1998,9556,Melody Beattie,Cooking & Health,Non Fiction,Hardcover
Simply Keto: A Practical Approach to Health & Weight Loss with 100+ Easy Low-Carb Recipes, 2017,9540,Suzanne Ryan,Cooking & Health,Fiction,Paperback
"Forks Over Knives―The Cookbook. A New York Times Bestseller: Over 300 Simple and Delicious Plant-Based Recipes to Help You Lose Weight, Be Healthier, and Feel Better Every Day", 2012,13196,Del Sroufe,Cooking & Health,Non Fiction,Audio CD
Flour Water Salt Yeast: The Fundamentals of Artisan Bread and Pizza [A Cookbook], 2012,12932,Ken Forkish,Cooking & Health,Fiction,Hardcover
BOSH!: Simple Recipes * Amazing Food * All Plants (BOSH Series), 2018,12797,Ian Theasby,Cooking & Health,Non Fiction,Paperback
The Instant Pot Electric Pressure Cooker Cookbook: Easy Recipes for Fast & Healthy Meals, 2016,12655,Laurel Randolph,Cooking & Health,Fiction,Audio CD
The Fast 800: How to combine rapid weight loss and intermittent fasting for long-term health, 2018,12644,Michael Mosley,Cooking & Health,Non Fiction,Hardcover
"The Big Book of Organic Baby Food: Baby Purées, Finger Foods, and Toddler Meals For Every Stage (Organic Foods for Baby and Toddler)", 2016,12285,Stephanie Middleberg MS  RD  CDN,Cooking & Health,Fiction,Paperback
The Skinnytaste Air Fryer Cookbook: The 75 Best Healthy Recipes for Your Air Fryer, 2019,12158,Gina Homolka,Cooking & Health,Non Fiction,Audio CD
The MeatEater Fish and Game Cookbook: Recipes and Techniques for Every Hunter and Angler, 2018,11991,Steven Rinella,Cooking & Health,Fiction,Hardcover
The No-Fuss Bread Machine Cookbook: Hands-Off Recipes for Perfect Homemade Bread, 2016,11960,Michelle Anderson,Cooking & Health,Non Fiction,Paperback
Binging With Babish: 100 Recipes Recreated from Your Favorite Movies and TV Shows, 2019,11742,Andrew Rea,Cooking & Health,Fiction,Audio CD
Southern Keto: 100+ Traditional Food Favorites for a Low-Carb Lifestyle, 2018,11669,Natasha Newton,Cooking & Health,Non Fiction,Hardcover
"Half Baked Harvest Super Simple: More Than 125 Recipes for Instant, Overnight, Meal-Prepped, and Easy Comfort Foods: A Cookbook", 2019,11658,Tieghan Gerard,Cooking & Health,Fiction,Paperback
"The Complete Air Fryer Cookbook: Amazingly Easy Recipes to Fry, Bake, Grill, and Roast with Your Air Fryer", 2016,11469,Linda Larsen,Cooking & Health,Non Fiction,Audio CD
Heroes' Feast (Dungeons & Dragons): The Official D&D Cookbook, 2020,11349,Kyle Newman,Cooking & Health,Fiction,Hardcover
What Mummy Makes: Cook just once for you and your baby, 2020,11079,Rebecca Wilson,Cooking & Health,Non Fiction,Paperback
The Blue Zones Kitchen: 100 Recipes to Live to 100, 2019,10989,Dan Buettner,Cooking & Health,Fiction,Audio CD
"Complete Guide To Fasting: Heal Your Body Through Intermittent, Alternate-Day, and Extended Fasting", 2016,17156,Dr. Jason Fung,Cooking & Health,Non Fiction,Hardcover
"The Complete Mediterranean Cookbook: 500 Vibrant, Kitchen-Tested Recipes for Living and Eating Well Every Day (The Complete ATK Cookbook Series)", 2016,16971,America's Test Kitchen,Cooking & Health,Fiction,Paperback
Modern Comfort Food: A Barefoot Contessa Cookbook, 2020,17009,Ina Garten,Cooking & Health,Non Fiction,Audio CD
Ball Complete Book of Home Preserving, 2020,16764,Judi Kingry,Cooking & Health,Fiction,Hardcover
The Happy in a Hurry Cookbook: 100-Plus Fast and Easy New Recipes That Taste Like Home (The Happy Cookbook Series), 2020,16138,Steve Doocy,Cooking & Health,Non Fiction,Paperback
"The Easy 5-Ingredient Ketogenic Diet Cookbook: Low-Carb, High-Fat Recipes for Busy People on the Keto Diet", 2018,15954,Jen Fisch,Cooking & Health,Fiction,Audio CD
The Whole30: The 30-Day Guide to Total Health and Food Freedom, 2015,15305,Dallas Hartwig,Cooking & Health,Non Fiction,Hardcover
Crying in H Mart: A Memoir, 2021,14715,Michelle Zauner,Cooking & Health,Fiction,Paperback
The Complete Anti-Inflammatory Diet for Beginners: A No-Stress Meal Plan with Easy Recipes to Heal the Immune System, 2017,14735,Dorothy Calimeris,Cooking & Health,Non Fiction,Audio CD
Joshua Weissman: An Unapologetic Cookbook. #1 NEW YORK TIMES BESTSELLER, 2021,14494,Joshua Weissman,Cooking & Health,Fiction,Hardcover
Bad Manners: The Official Cookbook: Eat Like You Give a F*ck: A Vegan Cookbook, 2021,14461,Bad Manners,Cooking & Health,Non Fiction,Paperback
"The Unofficial Disney Parks Cookbook: From Delicious Dole Whip to Tasty Mickey Pretzels, 100 Magical Disney-Inspired Recipes (Unofficial Cookbook)", 2020,14170,Ashley Craft,Cooking & Health,Fiction,Audio CD
7 Ways: Easy Ideas for Every Day of the Week [American Measurements], 2020,13914,Jamie Oliver,Cooking & Health,Non Fiction,Hardcover
Instant Pot Pressure Cooker Cookbook: 500 Everyday Recipes for Beginners and Advanced Users. Try Easy and Healthy Instant Pot Recipes., 2018,13342,Jennifer Smith,Cooking & Health,Fiction,Paperback
The Secret Garden: (Penguin Classics Deluxe Edition), 2011,13335,Frances Hodgson Burnett,Cooking & Health,Non Fiction,Audio CD
